,coef,std_err,p_value
const,0.01670120961880499,0.0009735254348669393,5.728308734433376e-66
esg_combined_score,2.4648860606757575e-06,2.501891250247464e-05,0.9215186678802956
